url,name,contact,currency,created_at,updated_at,budget,is_ir35,status,budget_units,normal_billing_rate,hours_per_day,uses_project_invoice_sequence,billing_period,
https://api.freeagent.com/v2/projects/1292021,'Analytics',https://api.freeagent.com/v2/contacts/5054735,GBP,2016-10-10T11:28:22.000Z,2017-08-18T11:29:46.000Z,0,FALSE,Completed,Hours,630,7,FALSE,day,
https://api.freeagent.com/v2/projects/1292000,Ad Hoc Consultancy Projects,https://api.freeagent.com/v2/contacts/5054668,GBP,2016-10-10T11:15:48.000Z,2017-04-18T16:59:51.000Z,140,FALSE,Completed,Monetary,140,8,FALSE,hour,
https://api.freeagent.com/v2/projects/1697995,Ad Hoc Consultancy Requests,https://api.freeagent.com/v2/contacts/6629432,GBP,2018-03-01T17:00:01.000Z,2018-03-01T17:00:01.000Z,5,FALSE,Active,Days,600,7,FALSE,hour,
https://api.freeagent.com/v2/projects/1323225,Admin,https://api.freeagent.com/v2/contacts/4712404,GBP,2016-11-14T10:18:50.000Z,2016-11-14T10:18:50.000Z,0,FALSE,Active,Hours,0,8,FALSE,hour,
https://api.freeagent.com/v2/projects/1281170,Africa RISING training,https://api.freeagent.com/v2/contacts/5020198,USD,2016-09-27T10:55:25.000Z,2017-08-18T11:21:58.000Z,2871,FALSE,Completed,Monetary,0,7,FALSE,hour,
https://api.freeagent.com/v2/projects/1292525,AKDN Projects Support old,https://api.freeagent.com/v2/contacts/4712103,GBP,2016-10-10T17:43:18.000Z,2018-04-18T14:28:36.000Z,26000,FALSE,Completed,Monetary,630,7,FALSE,day,
https://api.freeagent.com/v2/projects/1622618,AKDN Projects support work in 2018,https://api.freeagent.com/v2/contacts/4712103,GBP,2017-11-24T16:12:42.000Z,2017-12-08T15:21:15.000Z,0,FALSE,Active,Hours,0,8,FALSE,hour,
https://api.freeagent.com/v2/projects/1338651,Anoosha ,https://api.freeagent.com/v2/contacts/5200658,GBP,2016-12-02T10:44:25.000Z,2017-08-18T11:06:26.000Z,2,FALSE,Completed,Days,0,7,FALSE,hour,
https://api.freeagent.com/v2/projects/1809995,ASWA Baseline Review,https://api.freeagent.com/v2/contacts/4705253,GBP,2018-07-13T15:26:24.000Z,2018-10-10T16:28:26.000Z,72,FALSE,Active,Days,630,7,FALSE,day,
https://api.freeagent.com/v2/projects/1339092,AuthorAID,https://api.freeagent.com/v2/contacts/5201949,GBP,2016-12-02T16:03:56.000Z,2017-04-18T16:56:35.000Z,0,FALSE,Completed,Hours,90,7,FALSE,hour,
https://api.freeagent.com/v2/projects/1521984,AuthorAid Capacity Development Impact Study 2017 - Review and additional analysis,https://api.freeagent.com/v2/contacts/5201949,GBP,2017-07-20T10:03:37.000Z,2017-08-18T11:21:33.000Z,1,FALSE,Completed,Days,660,7,FALSE,day,
https://api.freeagent.com/v2/projects/1307313,AWEP Baseline,https://api.freeagent.com/v2/contacts/5110736,USD,2016-10-28T12:23:37.000Z,2017-08-18T11:03:55.000Z,18,FALSE,Completed,Days,770,7,FALSE,day,
https://api.freeagent.com/v2/projects/1496758,Book,https://api.freeagent.com/v2/contacts/4712404,GBP,2017-06-20T09:37:38.000Z,2017-08-18T10:47:29.000Z,0,FALSE,Hidden,Hours,0,8,FALSE,hour,
https://api.freeagent.com/v2/projects/1235334,BRACED,https://api.freeagent.com/v2/contacts/4705253,GBP,2016-07-25T13:57:46.000Z,2017-04-28T11:42:23.000Z,0,FALSE,Active,Hours,90,7,TRUE,hour,
https://api.freeagent.com/v2/projects/1229961,BRCiS M&E/Data Management System,https://api.freeagent.com/v2/contacts/4827669,GBP,2016-07-18T08:57:13.000Z,2017-08-18T11:28:11.000Z,5355,FALSE,Completed,Monetary,630,7,FALSE,day,
https://api.freeagent.com/v2/projects/1460554,CAHSS,https://api.freeagent.com/v2/contacts/5687914,CAD,2017-05-04T13:19:10.000Z,2018-04-18T13:54:58.000Z,0,FALSE,Completed,Days,1175,8,FALSE,day,
https://api.freeagent.com/v2/projects/1499988,Cambodia Mine Assesment,https://api.freeagent.com/v2/contacts/4705253,GBP,2017-06-23T10:12:30.000Z,2017-08-18T11:23:43.000Z,0,FALSE,Cancelled,Hours,0,8,FALSE,hour,
https://api.freeagent.com/v2/projects/1355867,CASCAID,https://api.freeagent.com/v2/contacts/5195355,GBP,2016-12-22T15:15:59.000Z,2017-08-18T10:51:00.000Z,29122,FALSE,Completed,Hours,630,7,FALSE,day,
https://api.freeagent.com/v2/projects/1241736,CCAFS - AMI budget for programmers,https://api.freeagent.com/v2/contacts/4873584,USD,2016-08-02T15:58:14.000Z,2018-08-02T12:54:21.000Z,15000,FALSE,Hidden,Monetary,15000,7,FALSE,day,
https://api.freeagent.com/v2/projects/1241781,CCAFS - Contingencies,https://api.freeagent.com/v2/contacts/4873584,USD,2016-08-02T16:47:59.000Z,2018-08-02T12:55:39.000Z,2000,FALSE,Hidden,Monetary,0,7,FALSE,hour,
https://api.freeagent.com/v2/projects/1241784,CCAFS - Flexible,https://api.freeagent.com/v2/contacts/4873584,USD,2016-08-02T16:50:55.000Z,2018-08-02T12:55:34.000Z,15784,FALSE,Hidden,Monetary,0,7,FALSE,hour,
https://api.freeagent.com/v2/projects/1241779,CCAFS - Internship budget,https://api.freeagent.com/v2/contacts/4873584,USD,2016-08-02T16:42:38.000Z,2018-08-02T12:55:28.000Z,9216,FALSE,Hidden,Monetary,10.97,7,FALSE,hour,
https://api.freeagent.com/v2/projects/1241739,CCAFS - Roger and Carlos budget,https://api.freeagent.com/v2/contacts/4873584,USD,2016-08-02T16:01:39.000Z,2018-08-02T12:55:22.000Z,10000,FALSE,Hidden,Monetary,142.86,7,FALSE,hour,
https://api.freeagent.com/v2/projects/1241783,CCAFS - Travel and expenses,https://api.freeagent.com/v2/contacts/4873584,USD,2016-08-02T16:50:00.000Z,2018-08-02T12:55:02.000Z,8000,FALSE,Hidden,Monetary,0,7,FALSE,day,
https://api.freeagent.com/v2/projects/1825675,CCAFS Midline Studies,https://api.freeagent.com/v2/contacts/4873584,USD,2018-08-02T12:57:59.000Z,2018-08-02T12:57:59.000Z,16250,FALSE,Active,Monetary,660,7,FALSE,hour,
https://api.freeagent.com/v2/projects/1331808,Client entertainment,https://api.freeagent.com/v2/contacts/4712404,GBP,2016-11-24T10:23:58.000Z,2017-08-18T10:47:32.000Z,0,FALSE,Hidden,Hours,0,8,FALSE,hour,
https://api.freeagent.com/v2/projects/1662259,CLIMSOFT Development,https://api.freeagent.com/v2/contacts/6492971,GBP,2018-01-19T15:12:52.000Z,2018-01-19T15:12:52.000Z,0,FALSE,Active,Hours,0,8,FALSE,hour,
https://api.freeagent.com/v2/projects/1224688,Colcencias 1: Setting up baseline,https://api.freeagent.com/v2/contacts/4809973,GBP,2016-07-11T10:54:32.000Z,2017-08-18T11:15:28.000Z,3175,FALSE,Completed,Monetary,635,7,FALSE,day,
https://api.freeagent.com/v2/projects/1260412,Colcencias 2. Online platform design,https://api.freeagent.com/v2/contacts/4809973,GBP,2016-08-31T12:58:57.000Z,2017-08-18T11:15:30.000Z,10120,FALSE,Completed,Monetary,635,7,FALSE,day,
https://api.freeagent.com/v2/projects/1224692,Colcencias 3: Training course design,https://api.freeagent.com/v2/contacts/4809973,GBP,2016-07-11T10:55:27.000Z,2017-08-18T11:15:32.000Z,32386,FALSE,Completed,Monetary,635,7,FALSE,day,
https://api.freeagent.com/v2/projects/1260417,Colcencias 4. Project management,https://api.freeagent.com/v2/contacts/4809973,GBP,2016-08-31T13:01:06.000Z,2017-08-18T11:15:34.000Z,9645,FALSE,Completed,Monetary,635,7,FALSE,day,
https://api.freeagent.com/v2/projects/1260423,Colcencias 5. Additional technical support,https://api.freeagent.com/v2/contacts/4809973,GBP,2016-08-31T13:03:24.000Z,2016-08-31T15:35:21.000Z,4500,FALSE,Active,Monetary,635,7,FALSE,day,
https://api.freeagent.com/v2/projects/1535550,Colciencias 6 - Addendum to original contract,https://api.freeagent.com/v2/contacts/4809973,GBP,2017-08-08T08:54:26.000Z,2018-03-21T10:37:08.000Z,8,FALSE,Completed,Days,630,7,FALSE,day,
https://api.freeagent.com/v2/projects/1592759,Communications,https://api.freeagent.com/v2/contacts/4712404,GBP,2017-10-20T11:41:26.000Z,2017-10-20T11:41:26.000Z,0,FALSE,Active,Hours,0,7,FALSE,hour,
https://api.freeagent.com/v2/projects/1241225,Computer Equipment Purchases,https://api.freeagent.com/v2/contacts/4712404,GBP,2016-08-02T09:47:00.000Z,2016-08-31T10:28:58.000Z,0,FALSE,Hidden,Hours,0,8,FALSE,hour,
https://api.freeagent.com/v2/projects/1770211,Consultant services 13005826,https://api.freeagent.com/v2/contacts/6905065,GBP,2018-05-29T09:43:01.000Z,2018-05-29T09:43:01.000Z,3960,FALSE,Active,Monetary,0,7,FALSE,hour,
https://api.freeagent.com/v2/projects/1244023,CottonConnect-Impact Evaluation of the Organic Cotton Farmersâ€™ Training Programme,https://api.freeagent.com/v2/contacts/4882253,USD,2016-08-05T09:42:39.000Z,2016-11-21T15:59:23.000Z,93450,FALSE,Active,Monetary,950,7,FALSE,day,
https://api.freeagent.com/v2/projects/1292019,Cumulative Genetic Asthma Paper,https://api.freeagent.com/v2/contacts/5054730,GBP,2016-10-10T11:27:28.000Z,2017-08-18T11:33:29.000Z,0,FALSE,Completed,Hours,630,7,FALSE,day,
https://api.freeagent.com/v2/projects/1582899,Data Management Document Review,https://api.freeagent.com/v2/contacts/6134542,USD,2017-10-09T10:36:16.000Z,2018-04-18T15:58:31.000Z,30000,FALSE,Completed,Monetary,0,7,FALSE,day,
https://api.freeagent.com/v2/projects/1589971,Datatree - Training portal,https://api.freeagent.com/v2/contacts/6159410,GBP,2017-10-17T16:21:20.000Z,2018-04-30T08:38:03.000Z,72000,FALSE,Active,Monetary,630,7,FALSE,day,
https://api.freeagent.com/v2/projects/1237922,Discretionary Grant 2016,https://api.freeagent.com/v2/contacts/4861135,GBP,2016-07-28T12:24:11.000Z,2017-07-05T11:23:09.000Z,0,FALSE,Completed,Hours,630,7,FALSE,day,
https://api.freeagent.com/v2/projects/1559814,Dummy for Chris' use,https://api.freeagent.com/v2/contacts/4712404,GBP,2017-09-11T10:44:13.000Z,2017-09-11T10:44:13.000Z,0,FALSE,Active,Hours,0,8,FALSE,hour,
https://api.freeagent.com/v2/projects/1307316,EU Endline Survey ,https://api.freeagent.com/v2/contacts/5110874,GBP,2016-10-28T12:26:53.000Z,2018-04-18T14:11:38.000Z,0,FALSE,Completed,Hours,741,7,FALSE,day,
https://api.freeagent.com/v2/projects/1237050,FoodTrade : 2012-123,https://api.freeagent.com/v2/contacts/4705253,GBP,2016-07-27T12:03:54.000Z,2017-07-05T11:23:29.000Z,0,FALSE,Completed,Hours,630,7,FALSE,day,
https://api.freeagent.com/v2/projects/1570728,FoodTrade Endlines,https://api.freeagent.com/v2/contacts/4705253,GBP,2017-09-25T12:04:31.000Z,2018-01-19T09:44:05.000Z,73,FALSE,Active,Days,630,7,FALSE,day,
https://api.freeagent.com/v2/projects/1291994,GAIN,https://api.freeagent.com/v2/contacts/4962880,GBP,2016-10-10T11:13:39.000Z,2017-08-18T10:51:16.000Z,0,FALSE,Completed,Hours,630,7,FALSE,day,
https://api.freeagent.com/v2/projects/1264381,Ghana - Western Region Coastal Foundation Citizen Perceptions and SocioEconomic Survey,https://api.freeagent.com/v2/contacts/5174723,GBP,2016-09-05T14:50:47.000Z,2017-07-05T11:23:53.000Z,38,FALSE,Completed,Days,630,7,FALSE,day,
https://api.freeagent.com/v2/projects/1275080,Grant 2016-18,https://api.freeagent.com/v2/contacts/4861135,GBP,2016-09-19T14:23:30.000Z,2017-05-11T16:39:32.000Z,0,FALSE,Active,Hours,630,7,FALSE,day,
https://api.freeagent.com/v2/projects/1307639,IFAD-Leshoto,https://api.freeagent.com/v2/contacts/4962880,GBP,2016-10-28T16:50:36.000Z,2017-08-18T11:39:18.000Z,70620,FALSE,Active,Monetary,630,7,FALSE,day,
https://api.freeagent.com/v2/projects/1596573,Internal development and investment,https://api.freeagent.com/v2/contacts/4712404,GBP,2017-10-25T13:15:27.000Z,2017-10-25T13:15:27.000Z,0,FALSE,Active,Hours,0,7,FALSE,hour,
https://api.freeagent.com/v2/projects/1814414,Jeune Leader,https://api.freeagent.com/v2/contacts/7068889,EUR,2018-07-19T16:08:46.000Z,2018-07-19T16:08:46.000Z,5833,FALSE,Active,Monetary,0,8,FALSE,day,
https://api.freeagent.com/v2/projects/1580268,Job Measurement and Implementation Support (JMIS) Programme,https://api.freeagent.com/v2/contacts/6125321,GBP,2017-10-05T09:36:06.000Z,2017-10-05T09:37:52.000Z,0,FALSE,Active,Days,630,7,FALSE,day,
https://api.freeagent.com/v2/projects/1328721,Kosovo Training,https://api.freeagent.com/v2/contacts/5169588,GBP,2016-11-21T09:42:14.000Z,2017-04-18T16:56:48.000Z,17,FALSE,Completed,Days,630,7,TRUE,day,
https://api.freeagent.com/v2/projects/1564172,L&D Training,https://api.freeagent.com/v2/contacts/4705253,GBP,2017-09-15T15:22:43.000Z,2017-09-15T15:22:43.000Z,5040,FALSE,Active,Monetary,630,7,FALSE,day,
https://api.freeagent.com/v2/projects/1715124,Liver fat study,https://api.freeagent.com/v2/contacts/6694296,GBP,2018-03-22T15:45:21.000Z,2018-03-27T19:48:26.000Z,4,FALSE,Active,Hours,660,7,FALSE,day,
https://api.freeagent.com/v2/projects/1809991,Living Water ,https://api.freeagent.com/v2/contacts/7050527,USD,2018-07-13T15:20:22.000Z,2018-07-13T15:20:22.000Z,15,FALSE,Active,Days,850,8,FALSE,day,
https://api.freeagent.com/v2/projects/1286983,M&E Workshops,https://api.freeagent.com/v2/contacts/5039064,GBP,2016-10-04T09:07:36.000Z,2017-05-08T10:55:42.000Z,750,FALSE,Active,Monetary,0,7,FALSE,hour,
https://api.freeagent.com/v2/projects/1194990,Mission to Rwanda 1,https://api.freeagent.com/v2/contacts/4705193,USD,2016-06-01T11:35:14.000Z,2017-07-05T11:24:11.000Z,5,FALSE,Completed,Days,1000,7,FALSE,day,
https://api.freeagent.com/v2/projects/1292004,Mixed methods training,https://api.freeagent.com/v2/contacts/5054686,AUD,2016-10-10T11:18:08.000Z,2017-08-18T10:56:30.000Z,7,FALSE,Completed,Days,625,7,FALSE,day,
https://api.freeagent.com/v2/projects/1254540,Mtwara,https://api.freeagent.com/v2/contacts/4922315,USD,2016-08-22T15:02:34.000Z,2017-08-18T10:57:06.000Z,23,FALSE,Completed,Days,1000,7,FALSE,day,
https://api.freeagent.com/v2/projects/1235428,Nepal RAP,https://api.freeagent.com/v2/contacts/4705253,GBP,2016-07-25T15:12:07.000Z,2017-07-05T11:24:36.000Z,0,FALSE,Completed,Hours,630,7,FALSE,day,
https://api.freeagent.com/v2/projects/1452656,Nepal Samnarth Market Development,https://api.freeagent.com/v2/contacts/4705253,GBP,2017-04-25T13:34:04.000Z,2018-09-13T12:34:27.000Z,0,FALSE,Active,Hours,630,7,FALSE,day,
https://api.freeagent.com/v2/projects/1264093,Nepal-M&V CDP-DFID,https://api.freeagent.com/v2/contacts/4961579,GBP,2016-09-05T11:34:09.000Z,2016-10-06T11:49:11.000Z,20930,FALSE,Active,Monetary,598,7,FALSE,day,
https://api.freeagent.com/v2/projects/1195033,Nigeria V4C,https://api.freeagent.com/v2/contacts/4705253,GBP,2016-06-01T12:07:47.000Z,2016-06-01T12:07:47.000Z,29,FALSE,Active,Days,630,7,FALSE,day,
https://api.freeagent.com/v2/projects/1331793,Nigeria: Pillar 3 - Learning, Evidence & Advocacy Programme. Impact Level Methodology Paper,https://api.freeagent.com/v2/contacts/5179302,GBP,2016-11-24T10:16:17.000Z,2017-07-05T11:24:56.000Z,6,FALSE,Completed,Days,630,7,FALSE,day
https://api.freeagent.com/v2/projects/1338665,Office rent and utilities,https://api.freeagent.com/v2/contacts/4712404,GBP,2016-12-02T10:59:46.000Z,2017-08-18T10:47:36.000Z,0,FALSE,Hidden,Hours,0,8,FALSE,hour,
https://api.freeagent.com/v2/projects/1331811,Office sundries,https://api.freeagent.com/v2/contacts/4712404,GBP,2016-11-24T10:25:06.000Z,2017-08-18T10:47:38.000Z,0,FALSE,Hidden,Hours,0,8,FALSE,hour,
https://api.freeagent.com/v2/projects/1331813,Office technology ,https://api.freeagent.com/v2/contacts/4712404,GBP,2016-11-24T10:27:05.000Z,2017-08-18T10:47:40.000Z,0,FALSE,Hidden,Hours,0,8,FALSE,hour,
https://api.freeagent.com/v2/projects/1728068,Outreach,https://api.freeagent.com/v2/contacts/4712404,GBP,2018-04-08T08:09:02.000Z,2018-04-08T08:09:02.000Z,0,FALSE,Active,Hours,0,7,FALSE,hour,
https://api.freeagent.com/v2/projects/1774373,Participatory Integrated Climate Services for Agriculture,https://api.freeagent.com/v2/contacts/6920865,USD,2018-06-01T11:47:18.000Z,2018-06-01T11:47:44.000Z,11808,FALSE,Active,Monetary,0,7,FALSE,hour,
https://api.freeagent.com/v2/projects/1762310,PDF Support,https://api.freeagent.com/v2/contacts/6875837,USD,2018-05-17T16:44:46.000Z,2018-06-11T15:30:31.000Z,0,FALSE,Active,Hours,0,7,FALSE,hour,
https://api.freeagent.com/v2/projects/1700465,Peter Berti - Statistics Advice,https://api.freeagent.com/v2/contacts/6638777,GBP,2018-03-05T14:59:18.000Z,2018-03-05T15:00:55.000Z,7,FALSE,Active,Hours,0,7,FALSE,hour,
https://api.freeagent.com/v2/projects/1336746,PICSA Mobile Apps,https://api.freeagent.com/v2/contacts/5195355,GBP,2016-11-30T14:49:03.000Z,2017-07-23T13:56:59.000Z,14,FALSE,Completed,Days,620,7,FALSE,day,
https://api.freeagent.com/v2/projects/1523615,PICSA: Integrated Risk Management 2017-18,https://api.freeagent.com/v2/contacts/4962880,GBP,2017-07-23T14:02:28.000Z,2018-01-22T11:11:55.000Z,29505,FALSE,Active,Monetary,630,7,FALSE,day,
https://api.freeagent.com/v2/projects/1861965,Plan India Wash,https://api.freeagent.com/v2/contacts/7248485,GBP,2018-09-17T17:32:27.000Z,2018-10-09T09:23:17.000Z,2,FALSE,Active,Days,660,7,FALSE,day,
https://api.freeagent.com/v2/projects/1222510,Postage,https://api.freeagent.com/v2/contacts/4712404,GBP,2016-07-07T10:37:16.000Z,2016-08-31T10:22:15.000Z,0,FALSE,Hidden,Hours,0,8,FALSE,hour,
https://api.freeagent.com/v2/projects/1281091,Power of Nutrition Evaluation,https://api.freeagent.com/v2/contacts/4705253,GBP,2016-09-27T10:21:02.000Z,2016-09-27T10:21:30.000Z,630,FALSE,Active,Monetary,630,7,FALSE,day,
https://api.freeagent.com/v2/projects/1312000,Preparation of a paper from the Writeshop to be conducted at Galway,https://api.freeagent.com/v2/contacts/5124696,USD,2016-11-02T17:48:02.000Z,2017-08-18T11:09:17.000Z,5000,FALSE,Completed,Monetary,0,8,FALSE,hour,
https://api.freeagent.com/v2/projects/1656934,Project M&E Tool,https://api.freeagent.com/v2/contacts/4827669,GBP,2018-01-13T18:37:22.000Z,2018-02-21T11:51:14.000Z,20825,FALSE,Active,Monetary,660,7,FALSE,day,
https://api.freeagent.com/v2/projects/1662299,QoL2017 MetaAnalysis,https://api.freeagent.com/v2/contacts/5110736,USD,2018-01-19T15:33:55.000Z,2018-02-06T15:26:02.000Z,0,FALSE,Active,Hours,910,7,FALSE,day,
https://api.freeagent.com/v2/projects/1678310,QoL2017 MetaAnalysis expenses ,https://api.freeagent.com/v2/contacts/4712103,CHF,2018-02-06T15:25:48.000Z,2018-02-06T15:40:53.000Z,0,FALSE,Active,Hours,0,7,FALSE,hour,
https://api.freeagent.com/v2/projects/1681570,R Course Development,https://api.freeagent.com/v2/contacts/4962880,GBP,2018-02-09T14:57:23.000Z,2018-02-09T14:57:23.000Z,4620,FALSE,Active,Monetary,0,8,FALSE,hour,
https://api.freeagent.com/v2/projects/1556533,R-Instat,https://api.freeagent.com/v2/contacts/4712404,GBP,2017-09-06T10:26:05.000Z,2017-09-06T10:26:05.000Z,0,FALSE,Active,Hours,0,7,FALSE,hour,
https://api.freeagent.com/v2/projects/1701860,R-Instat - 2018 Contract,https://api.freeagent.com/v2/contacts/6079023,GBP,2018-03-06T17:15:38.000Z,2018-03-06T17:15:38.000Z,24465,FALSE,Active,Monetary,630,7,FALSE,day,
https://api.freeagent.com/v2/projects/1566483,R-Instat Training,https://api.freeagent.com/v2/contacts/6079023,GBP,2017-09-19T14:56:00.000Z,2017-09-19T14:56:00.000Z,12,FALSE,Active,Days,660,7,FALSE,day,
https://api.freeagent.com/v2/projects/1533896,R-Instat training workshop,https://api.freeagent.com/v2/contacts/5963051,GBP,2017-08-04T14:48:06.000Z,2017-08-04T14:48:06.000Z,0,FALSE,Active,Hours,0,8,FALSE,hour,
https://api.freeagent.com/v2/projects/1608928,R-Scrpts,https://api.freeagent.com/v2/contacts/6079203,USD,2017-11-08T12:37:10.000Z,2017-11-08T12:38:09.000Z,15000,FALSE,Active,Monetary,625,7,FALSE,day,
https://api.freeagent.com/v2/projects/1486985,RDPP Proposal ,https://api.freeagent.com/v2/contacts/4705253,GBP,2017-06-07T09:52:56.000Z,2017-06-07T09:52:56.000Z,0,FALSE,Active,Hours,0,8,FALSE,hour,
https://api.freeagent.com/v2/projects/1566183,Recruitment,https://api.freeagent.com/v2/contacts/4712404,GBP,2017-09-19T11:53:43.000Z,2017-09-19T11:53:43.000Z,0,FALSE,Active,Hours,0,8,FALSE,hour,
https://api.freeagent.com/v2/projects/1713558,RedCteI Workshops,https://api.freeagent.com/v2/contacts/4809973,GBP,2018-03-21T10:38:42.000Z,2018-03-21T10:38:42.000Z,10,FALSE,Active,Days,635,7,FALSE,day,
https://api.freeagent.com/v2/projects/1476787,Results Based Monitoring course,https://api.freeagent.com/v2/contacts/5769474,GBP,2017-05-24T16:39:04.000Z,2017-05-25T13:44:36.000Z,7,FALSE,Active,Hours,750,7,FALSE,day,
https://api.freeagent.com/v2/projects/1843715,Review of Research Methods Support,https://api.freeagent.com/v2/contacts/7181642,USD,2018-08-27T09:52:53.000Z,2018-08-27T09:52:53.000Z,20,FALSE,Active,Days,850,8,FALSE,day,
https://api.freeagent.com/v2/projects/1734780,Review of SWIFT DRC and Kenya reports,https://api.freeagent.com/v2/contacts/4705253,GBP,2018-04-16T15:50:15.000Z,2018-04-16T15:50:15.000Z,0,FALSE,Active,Days,630,7,FALSE,day,
https://api.freeagent.com/v2/projects/1615569,S3RI Short Courses,https://api.freeagent.com/v2/contacts/6246143,GBP,2017-11-16T10:17:22.000Z,2017-11-16T10:18:44.000Z,0,FALSE,Active,Hours,0,7,FALSE,hour,
https://api.freeagent.com/v2/projects/1566555,Sampling Consultancy,https://api.freeagent.com/v2/contacts/6079203,USD,2017-09-19T15:30:20.000Z,2018-03-05T19:40:15.000Z,35000,FALSE,Active,Monetary,900,7,FALSE,day,
https://api.freeagent.com/v2/projects/1197055,Software purchases,https://api.freeagent.com/v2/contacts/4712404,GBP,2016-06-03T13:06:09.000Z,2016-08-31T10:24:43.000Z,0,FALSE,Hidden,Hours,0,8,FALSE,hour,
https://api.freeagent.com/v2/projects/1415322,Somalia Humanitarian Emergency Response,https://api.freeagent.com/v2/contacts/4858818,GBP,2017-03-08T13:52:18.000Z,2017-03-08T13:52:18.000Z,0,FALSE,Active,Hours,600,7,FALSE,day,
https://api.freeagent.com/v2/projects/1307287,SPEDA,https://api.freeagent.com/v2/contacts/5110736,USD,2016-10-28T11:55:39.000Z,2017-08-18T11:03:47.000Z,0,FALSE,Completed,Hours,820,7,FALSE,day,
https://api.freeagent.com/v2/projects/1542505,Staff CPD,https://api.freeagent.com/v2/contacts/4712404,GBP,2017-08-17T10:03:15.000Z,2017-08-18T10:47:44.000Z,0,FALSE,Hidden,Hours,0,7,FALSE,hour,
https://api.freeagent.com/v2/projects/1331807,Staff entertainment,https://api.freeagent.com/v2/contacts/4712404,GBP,2016-11-24T10:23:49.000Z,2017-08-18T10:47:48.000Z,0,FALSE,Hidden,Hours,0,8,FALSE,hour,
https://api.freeagent.com/v2/projects/1331804,Staff insurance,https://api.freeagent.com/v2/contacts/4712404,GBP,2016-11-24T10:22:01.000Z,2017-11-28T16:06:01.000Z,0,FALSE,Active,Hours,0,8,FALSE,hour,
https://api.freeagent.com/v2/projects/1658309,Staff Leave,https://api.freeagent.com/v2/contacts/4712404,GBP,2018-01-15T20:37:57.000Z,2018-01-15T20:37:57.000Z,0,FALSE,Active,Hours,0,7,FALSE,hour,
https://api.freeagent.com/v2/projects/1377645,Staff professional suscriptions,https://api.freeagent.com/v2/contacts/4712404,GBP,2017-01-25T17:26:49.000Z,2017-08-18T10:47:52.000Z,0,FALSE,Hidden,Hours,0,8,FALSE,hour,
https://api.freeagent.com/v2/projects/1331812,Staff travel & subsistence,https://api.freeagent.com/v2/contacts/4712404,GBP,2016-11-24T10:26:28.000Z,2017-09-19T11:53:20.000Z,0,FALSE,Active,Hours,0,8,FALSE,hour,
https://api.freeagent.com/v2/projects/1219863,Statistical Development,https://api.freeagent.com/v2/contacts/4788105,USD,2016-07-04T15:10:37.000Z,2017-08-18T11:15:05.000Z,47928,FALSE,Completed,Monetary,0,8,TRUE,hour,
https://api.freeagent.com/v2/projects/1464047,Statistical Support for Baseline Data Collection,https://api.freeagent.com/v2/contacts/5702874,EUR,2017-05-09T11:02:29.000Z,2017-09-14T14:52:18.000Z,25000,FALSE,Active,Monetary,750,7,FALSE,day,
https://api.freeagent.com/v2/projects/1444577,Statistical Training Needs Assessment,https://api.freeagent.com/v2/contacts/5615659,USD,2017-04-12T16:50:39.000Z,2017-08-10T16:09:28.000Z,32900,FALSE,Active,Monetary,0,8,TRUE,hour,
https://api.freeagent.com/v2/projects/1264978,Statistics Training Workshop,https://api.freeagent.com/v2/contacts/4705253,GBP,2016-09-06T09:43:45.000Z,2017-09-20T08:37:19.000Z,630,FALSE,Completed,Monetary,0,7,FALSE,hour,
https://api.freeagent.com/v2/projects/1290782,Sudan Statistics Evidence Project,https://api.freeagent.com/v2/contacts/5050901,GBP,2016-10-07T15:06:41.000Z,2017-04-18T16:57:06.000Z,0,FALSE,Completed,Hours,0,7,FALSE,hour,
https://api.freeagent.com/v2/projects/1485236,Support for NISR,https://api.freeagent.com/v2/contacts/4705193,USD,2017-06-05T14:15:24.000Z,2017-06-05T14:15:24.000Z,10000,FALSE,Active,Monetary,115.7,7,FALSE,hour,
https://api.freeagent.com/v2/projects/1473863,Support for Nutrition survey,https://api.freeagent.com/v2/contacts/5758381,GBP,2017-05-22T10:37:36.000Z,2018-04-18T13:56:34.000Z,0,FALSE,Completed,Hours,0,8,FALSE,hour,
https://api.freeagent.com/v2/projects/1249760,Tanzania water points project,https://api.freeagent.com/v2/contacts/4903568,GBP,2016-08-15T14:17:03.000Z,2016-12-07T15:22:17.000Z,0,FALSE,Active,Hours,600,7,FALSE,day,
https://api.freeagent.com/v2/projects/1846952,Transtec ad-hoc technical services,https://api.freeagent.com/v2/contacts/4858818,GBP,2018-08-30T14:55:32.000Z,2018-08-30T14:55:32.000Z,0,FALSE,Active,Hours,95,8,FALSE,hour,
https://api.freeagent.com/v2/projects/1237276,Transtec Somalia Hum. Eval Implement,https://api.freeagent.com/v2/contacts/4858818,GBP,2016-07-27T14:58:29.000Z,2016-07-27T14:58:29.000Z,0,FALSE,Active,Hours,600,7,FALSE,day,
https://api.freeagent.com/v2/projects/1444543,Visit April 2017,https://api.freeagent.com/v2/contacts/5615546,USD,2017-04-12T16:11:48.000Z,2017-08-18T10:57:46.000Z,0,FALSE,Completed,Hours,0,8,FALSE,hour,
https://api.freeagent.com/v2/projects/1376554,Visual Identity,https://api.freeagent.com/v2/contacts/4712404,GBP,2017-01-24T16:20:53.000Z,2017-08-18T10:47:56.000Z,0,FALSE,Hidden,Hours,0,8,FALSE,hour,
https://api.freeagent.com/v2/projects/1499987,WAFM Evaluation,https://api.freeagent.com/v2/contacts/4705253,GBP,2017-06-23T10:12:16.000Z,2017-06-23T10:12:16.000Z,0,FALSE,Active,Hours,0,8,FALSE,hour,
https://api.freeagent.com/v2/projects/1452658,WASH - ad hoc support,https://api.freeagent.com/v2/contacts/4705253,GBP,2017-04-25T13:34:54.000Z,2018-04-13T15:36:10.000Z,0,FALSE,Active,Hours,660,8,FALSE,day,
https://api.freeagent.com/v2/projects/1264504,WFP / CIAT - Global Framework for Climate Services Evaluation - Malawi / Tanzania,https://api.freeagent.com/v2/contacts/4962880,USD,2016-09-05T16:12:12.000Z,2017-08-18T10:50:33.000Z,28800,FALSE,Completed,Monetary,0,7,TRUE,day,